<?xml version="1.0" encoding="UTF-8" standalone="yes"?>
<pluginstrument>
    <aircraft>Generic</aircraft>
    <author>unknown</author>
    <compatibleFSX>true</compatibleFSX>
    <compatibleP3D>true</compatibleP3D>
    <compatibleXPL>true</compatibleXPL>
    <configVersion>1</configVersion>
    <description></description>
    <pluginInterfaceVersion>100</pluginInterfaceVersion>
    <prefHeight>1810</prefHeight>
    <prefWidth>918</prefWidth>
    <type>ASPEN PFD1000 BEZEL</type>
    <uuid>f60881db-4862-45bc-8cda-0c1f8620fe5f</uuid>
    <version>1</version>
</pluginstrument>
